DP execution time (ns),Heuristic execution time (ns),DP solution,Heuristic solution,DP memory usage (bytes),Heuristic memory usage (bytes),Solutions are the same
1508867628,16652,9948,9948,404000404,800,Yes
1502647512,15459,9862,9862,404000404,800,Yes
1496446713,16551,9856,9856,404000404,800,Yes
1515766862,16702,10652,10652,404000404,800,Yes
1527485411,15940,10437,10437,404000404,800,Yes
1530171568,14808,9523,9523,404000404,800,Yes
1513830577,15910,8789,8789,404000404,800,Yes
1517998244,16251,11258,11258,404000404,800,Yes
1556795984,16732,10382,10382,404000404,800,Yes
1501705818,16191,9113,9113,404000404,800,Yes
1520719183,15109,9658,9658,404000404,800,Yes
1537112297,15890,10102,10102,404000404,800,Yes
1497631261,17273,10681,10681,404000404,800,Yes
1562669735,15890,10112,10112,404000404,800,Yes
1499635177,15830,9559,9559,404000404,800,Yes
1515370172,16120,11016,11016,404000404,800,Yes
1523810905,15239,10779,10779,404000404,800,Yes
1508960773,15489,10725,10725,404000404,800,Yes
1513030325,16471,8862,8862,404000404,800,Yes
1505560430,15359,10412,10412,404000404,800,Yes
1579561009,16581,9977,9977,404000404,800,Yes
1610791580,15479,10567,10567,404000404,800,Yes
1495591333,16471,10122,10122,404000404,800,Yes
1556853361,16742,9529,9529,404000404,800,Yes
1537809418,15660,9848,9848,404000404,800,Yes
1505140456,17193,10692,10692,404000404,800,Yes
1521854866,16722,9147,9147,404000404,800,Yes
1524627689,16030,10648,10648,404000404,800,Yes
1539152307,16772,9108,9108,404000404,800,Yes
1508181167,16812,9818,9818,404000404,800,Yes
1524455552,16001,9727,9727,404000404,800,Yes
1516609498,15088,10096,10096,404000404,800,Yes
1512973486,15820,10119,10119,404000404,800,Yes
1519463338,15370,10921,10921,404000404,800,Yes
1501966781,16682,10826,10826,404000404,800,Yes
1505677424,16411,9387,9387,404000404,800,Yes
1529636442,17634,10077,10077,404000404,800,Yes
1554134773,15910,10261,10261,404000404,800,Yes
1524148712,17173,9839,9839,404000404,800,Yes
1522671737,15430,9505,9505,404000404,800,Yes
1496528915,16341,10166,10166,404000404,800,Yes
1503252151,22503,10607,10607,404000404,800,Yes
1513602652,16681,9622,9622,404000404,800,Yes
1515117469,15990,10204,10204,404000404,800,Yes
1509678820,16281,10501,10501,404000404,800,Yes
1519118155,16411,10569,10569,404000404,800,Yes
1543355148,15720,11225,11225,404000404,800,Yes
1538494516,16331,10088,10088,404000404,800,Yes
1497702008,15669,8996,8996,404000404,800,Yes
1532999636,14869,10903,10903,404000404,800,Yes
1533707162,16231,9833,9833,404000404,800,Yes
1501927105,15800,9931,9931,404000404,800,Yes
1494457206,16000,10429,10429,404000404,800,Yes
1500302004,15650,10413,10413,404000404,800,Yes
1497090039,21841,10006,10006,404000404,800,Yes
1539224738,16130,10533,10533,404000404,800,Yes
1537496186,15599,10358,10358,404000404,800,Yes
1501788374,15439,9443,9443,404000404,800,Yes
1523748490,15239,10588,10588,404000404,800,Yes
1508562778,20569,8550,8550,404000404,800,Yes
1502675201,15980,10827,10827,404000404,800,Yes
1504383725,15309,9552,9552,404000404,800,Yes
1501578774,15339,9519,9519,404000404,800,Yes
1514792011,15560,10810,10810,404000404,800,Yes
1500231941,15410,8722,8722,404000404,800,Yes
1500432957,15870,9814,9814,404000404,800,Yes
1503551627,16291,10850,10850,404000404,800,Yes
1516253184,16280,10080,10080,404000404,800,Yes
1498918785,15439,10198,10198,404000404,800,Yes
1506439308,14948,10599,10599,404000404,800,Yes
1501567608,14989,10313,10313,404000404,800,Yes
1512718686,15500,10670,10670,404000404,800,Yes
1504714727,15880,9765,9765,404000404,800,Yes
1527415934,15650,10016,10016,404000404,800,Yes
1496712697,15980,9565,9565,404000404,800,Yes
1501409978,15078,9388,9388,404000404,800,Yes
1515769651,17594,10278,10278,404000404,800,Yes
1516112566,15529,10922,10922,404000404,800,Yes
1526143340,15409,10792,10792,404000404,800,Yes
1498364028,15940,9337,9337,404000404,800,Yes
1523687326,15419,10237,10237,404000404,800,Yes
1498742669,15920,9850,9850,404000404,800,Yes
1520054391,15008,9307,9307,404000404,800,Yes
1498767489,15940,10406,10406,404000404,800,Yes
1502598258,16902,10822,10822,404000404,800,Yes
1498886288,15650,10268,10268,404000404,800,Yes
1498774572,15790,10644,10644,404000404,800,Yes
1502185997,15650,10455,10455,404000404,800,Yes
1510548017,16091,10151,10151,404000404,800,Yes
1506846204,15840,11019,11019,404000404,800,Yes
1504820010,15480,9175,9175,404000404,800,Yes
1506405031,15700,9977,9977,404000404,800,Yes
1525611441,15199,10049,10049,404000404,800,Yes
1495275937,16131,10410,10410,404000404,800,Yes
1495334374,15871,10703,10703,404000404,800,Yes
1497543991,16471,10487,10487,404000404,800,Yes
1501218203,15479,10531,10531,404000404,800,Yes
1513449408,14758,9416,9416,404000404,800,Yes
1495227751,15900,9874,9874,404000404,800,Yes
1504014636,16091,9534,9534,404000404,800,Yes
1496349372,15189,9338,9338,404000404,800,Yes
1492462410,15068,10958,10958,404000404,800,Yes
1498099383,15730,10166,10166,404000404,800,Yes
1516465538,15730,9835,9835,404000404,800,Yes
1502350197,15389,9600,9600,404000404,800,Yes
1523864549,16402,10257,10257,404000404,800,Yes
1504083326,16671,10028,10028,404000404,800,Yes
1499579275,15269,11701,11701,404000404,800,Yes
1495424988,15790,9325,9325,404000404,800,Yes
1501162532,16691,10159,10159,404000404,800,Yes
1495313943,14558,11284,11284,404000404,800,Yes
1496122192,15950,10777,10777,404000404,800,Yes
1502560614,15479,9580,9580,404000404,800,Yes
1517058566,15419,10657,10657,404000404,800,Yes
1505554856,15529,10406,10406,404000404,800,Yes
1498623885,15669,9914,9914,404000404,800,Yes
1498585870,15570,9470,9470,404000404,800,Yes
1539074369,16311,9590,9590,404000404,800,Yes
1499517532,17433,10895,10895,404000404,800,Yes
1497926575,15359,9601,9601,404000404,800,Yes
1514706349,15710,9610,9610,404000404,800,Yes
1509736426,15690,10759,10759,404000404,800,Yes
1508266067,15449,10530,10530,404000404,800,Yes
1508608816,15560,10621,10621,404000404,800,Yes
1508017343,15158,10353,10353,404000404,800,Yes
1509453533,15179,10129,10129,404000404,800,Yes
1502185042,15920,10112,10112,404000404,800,Yes
1548029881,15880,9988,9988,404000404,800,Yes
1510437590,15299,10579,10579,404000404,800,Yes
1499045346,16090,10756,10756,404000404,800,Yes
1515228628,15941,10176,10176,404000404,800,Yes
1498572255,15469,10430,10430,404000404,800,Yes
1500387984,15479,10114,10114,404000404,800,Yes
1501100093,15780,10686,10686,404000404,800,Yes
1550604795,16060,9643,9643,404000404,800,Yes
1518586725,15540,10608,10608,404000404,800,Yes
1514837105,15389,11140,11140,404000404,800,Yes
1556824629,16181,10053,10053,404000404,800,Yes
1511903440,15409,9751,9751,404000404,800,Yes
1503250069,16401,10342,10342,404000404,800,Yes
1501132242,15159,9162,9162,404000404,800,Yes
1501990047,15880,9318,9318,404000404,800,Yes
1510111979,15239,10045,10045,404000404,800,Yes
1503226378,16521,10166,10166,404000404,800,Yes
1518212400,15479,10606,10606,404000404,800,Yes
1509603251,15810,10473,10473,404000404,800,Yes
1499626951,15459,11125,11125,404000404,800,Yes
1499140639,15469,10252,10252,404000404,800,Yes
1512567265,15048,10594,10594,404000404,800,Yes
1521111048,15530,9658,9658,404000404,800,Yes
1514715804,15479,9867,9867,404000404,800,Yes
1504381146,15329,10205,10205,404000404,800,Yes
1514687017,16131,10422,10422,404000404,800,Yes
1503972359,15249,9347,9347,404000404,800,Yes
1507626453,16241,10521,10521,404000404,800,Yes
1547060893,15850,10390,10390,404000404,800,Yes
1506367795,16521,10484,10484,404000404,800,Yes
1515604651,15559,10068,10068,404000404,800,Yes
1506641652,15540,11125,11125,404000404,800,Yes
1516331116,15379,10152,10152,404000404,800,Yes
1509420389,15099,11128,11128,404000404,800,Yes
1515827390,16611,8879,8879,404000404,800,Yes
1507767263,15128,10527,10527,404000404,800,Yes
1506437792,16801,10112,10112,404000404,800,Yes
1500448561,15530,10362,10362,404000404,800,Yes
1500759078,15480,10207,10207,404000404,800,Yes
1518285876,15058,10550,10550,404000404,800,Yes
1547131182,16180,10210,10210,404000404,800,Yes
1506614854,16381,10655,10655,404000404,800,Yes
1502666360,15479,11146,11146,404000404,800,Yes
1509609940,15269,9528,9528,404000404,800,Yes
1529683572,15179,11093,11093,404000404,800,Yes
1529380678,15559,10412,10412,404000404,800,Yes
1508639247,15860,10257,10257,404000404,800,Yes
1517795872,15399,9345,9345,404000404,800,Yes
1522345042,16321,9655,9655,404000404,800,Yes
1522609252,15639,10988,10988,404000404,800,Yes
1519624615,15960,10179,10179,404000404,800,Yes
1522130975,15139,9900,9900,404000404,800,Yes
1511646164,15569,9560,9560,404000404,800,Yes
1511381904,15209,10539,10539,404000404,800,Yes
1511292403,15339,10216,10216,404000404,800,Yes
1508579762,15449,10504,10504,404000404,800,Yes
1495894632,15479,9551,9551,404000404,800,Yes
1500049155,15519,9457,9457,404000404,800,Yes
1504528604,15509,9899,9899,404000404,800,Yes
1524019602,15690,11109,11109,404000404,800,Yes
1526012077,15579,9662,9662,404000404,800,Yes
1590349552,16831,10281,10281,404000404,800,Yes
1508329226,15479,10913,10913,404000404,800,Yes
1499434560,15449,10650,10650,404000404,800,Yes
1618040717,15059,10378,10378,404000404,800,Yes
1555732837,16081,10431,10431,404000404,800,Yes
1498251669,15510,10247,10247,404000404,800,Yes
1501821754,15580,11165,11165,404000404,800,Yes
1519727357,15339,9461,9461,404000404,800,Yes
1508678758,20239,10265,10265,404000404,800,Yes
1524055740,15870,10156,10156,404000404,800,Yes
1500608786,15008,10024,10024,404000404,800,Yes
1522671637,15789,9628,9628,404000404,800,Yes
1505316669,15429,10294,10294,404000404,800,Yes
1499210418,16572,10637,10637,404000404,800,Yes
1565997950,15760,9805,9805,404000404,800,Yes
1512004253,14738,10134,10134,404000404,800,Yes
1508149478,15800,9872,9872,404000404,800,Yes
1512099003,15259,9530,9530,404000404,800,Yes
1499986681,16481,9677,9677,404000404,800,Yes
1499591072,14708,10096,10096,404000404,800,Yes
1509353192,15359,10167,10167,404000404,800,Yes
1503583629,15570,9238,9238,404000404,800,Yes
1497910349,16431,10328,10328,404000404,800,Yes
1498340586,15880,9589,9589,404000404,800,Yes
1600814908,16531,9689,9689,404000404,800,Yes
1524080491,15900,10348,10348,404000404,800,Yes
1505025856,15029,10065,10065,404000404,800,Yes
1503931422,15118,9778,9778,404000404,800,Yes
1508285334,14989,9047,9047,404000404,800,Yes
1526435486,15399,9295,9295,404000404,800,Yes
1506944564,15299,9870,9870,404000404,800,Yes
1515502070,16040,10552,10552,404000404,800,Yes
1512704631,15950,10473,10473,404000404,800,Yes
1517281894,16070,9746,9746,404000404,800,Yes
1514527707,15178,10152,10152,404000404,800,Yes
1512170591,15530,9599,9599,404000404,800,Yes
1499107442,15369,9137,9137,404000404,800,Yes
1500455914,14547,10104,10104,404000404,800,Yes
1532315044,16011,10241,10241,404000404,800,Yes
1514391774,15800,10165,10165,404000404,800,Yes
1508677298,14968,10392,10392,404000404,800,Yes
1502038268,15650,9355,9355,404000404,800,Yes
1501814807,15479,9796,9796,404000404,800,Yes
1519427930,15119,9214,9214,404000404,800,Yes
1515462539,15510,10364,10364,404000404,800,Yes
1518716615,15810,10195,10195,404000404,800,Yes
1505512538,16030,9855,9855,404000404,800,Yes
1532610774,15980,9378,9378,404000404,800,Yes
1500324620,14918,10244,10244,404000404,800,Yes
1504963101,15880,9919,9919,404000404,800,Yes
1505407444,15900,11143,11143,404000404,800,Yes
1501060548,17012,10130,10130,404000404,800,Yes
1539859035,14618,10146,10146,404000404,800,Yes
1531987481,16741,10368,10368,404000404,800,Yes
1529760583,16542,9325,9325,404000404,800,Yes
1510866955,15579,9645,9645,404000404,800,Yes
1499114189,15359,10714,10714,404000404,800,Yes
1503475263,14958,10318,10318,404000404,800,Yes
1500890548,16101,9737,9737,404000404,800,Yes
1549576075,15278,9452,9452,404000404,800,Yes
1500851416,15800,8791,8791,404000404,800,Yes
1501880569,15720,9335,9335,404000404,800,Yes
1499893695,15640,11156,11156,404000404,800,Yes
1499473681,14869,10273,10273,404000404,800,Yes
1527475789,15259,9194,9194,404000404,800,Yes
1511937901,16141,10446,10446,404000404,800,Yes
1513884731,15449,11217,11217,404000404,800,Yes
1537520094,15549,11082,11082,404000404,800,Yes
1515914239,15680,9599,9599,404000404,800,Yes
1514716512,15449,10437,10437,404000404,800,Yes
1500501862,17313,9460,9460,404000404,800,Yes
1501077996,15540,10120,10120,404000404,800,Yes
1498294284,15840,10260,10260,404000404,800,Yes
1518901338,16752,10445,10445,404000404,800,Yes
1499584332,16842,10016,10016,404000404,800,Yes
1506011271,16882,10295,10295,404000404,800,Yes
1519281534,15519,9649,9649,404000404,800,Yes
1499582164,14748,10153,10153,404000404,800,Yes
1499144476,15880,10795,10795,404000404,800,Yes
1521043480,14738,10507,10507,404000404,800,Yes
1514346122,15329,10655,10655,404000404,800,Yes
1530105152,15920,9831,9831,404000404,800,Yes
1501859789,15690,10835,10835,404000404,800,Yes
1512088030,15710,9758,9758,404000404,800,Yes
1518928602,15369,10058,10058,404000404,800,Yes
1508625414,20298,9210,9210,404000404,800,Yes
1501481661,16251,10016,10016,404000404,800,Yes
1507202503,16982,10708,10708,404000404,800,Yes
1520074331,15739,11167,11167,404000404,800,Yes
1505305774,16310,9097,9097,404000404,800,Yes
1499258399,15359,10243,10243,404000404,800,Yes
1501600630,15570,9728,9728,404000404,800,Yes
1499634446,16852,9771,9771,404000404,800,Yes
1498594359,15350,10560,10560,404000404,800,Yes
1507093152,15179,9715,9715,404000404,800,Yes
1500191610,15490,9496,9496,404000404,800,Yes
1510767448,14778,9575,9575,404000404,800,Yes
1502443882,23114,9588,9588,404000404,800,Yes
1513891652,18656,10035,10035,404000404,800,Yes
1511069028,14958,9524,9524,404000404,800,Yes
1537809630,15309,10087,10087,404000404,800,Yes
1578255808,15990,10053,10053,404000404,800,Yes
1504565734,15470,9934,9934,404000404,800,Yes
1518493573,16011,10074,10074,404000404,800,Yes
1517771056,17703,10642,10642,404000404,800,Yes
1502557508,15729,10443,10443,404000404,800,Yes
1522007819,14497,10306,10306,404000404,800,Yes
1506312486,16301,10412,10412,404000404,800,Yes
1515710823,15759,10377,10377,404000404,800,Yes
1528809711,15549,9207,9207,404000404,800,Yes
1529545930,15379,9051,9051,404000404,800,Yes
1496994514,15299,10767,10767,404000404,800,Yes
1511356636,15680,9206,9206,404000404,800,Yes
1502394009,15279,9911,9911,404000404,800,Yes
1500915091,14578,9982,9982,404000404,800,Yes
1514646267,14878,10876,10876,404000404,800,Yes
1501947052,15870,10648,10648,404000404,800,Yes
1522161910,15871,10422,10422,404000404,800,Yes
1511525574,15530,10375,10375,404000404,800,Yes
1510502689,15680,9860,9860,404000404,800,Yes
1580950119,16171,9696,9696,404000404,800,Yes
1505026079,15449,9981,9981,404000404,800,Yes
1506749147,16421,10647,10647,404000404,800,Yes
1511704407,15189,9950,9950,404000404,800,Yes
1505817708,15028,9468,9468,404000404,800,Yes
1504036025,17052,9995,9995,404000404,800,Yes
1512509071,15710,10941,10941,404000404,800,Yes
1525101980,15269,9740,9740,404000404,800,Yes
1520672261,14979,9479,9479,404000404,800,Yes
1510312779,15680,10117,10117,404000404,800,Yes
1503060634,15489,10194,10194,404000404,800,Yes
1543329311,15699,9072,9072,404000404,800,Yes
1532745424,16260,10462,10462,404000404,800,Yes
1500279956,15319,10245,10245,404000404,800,Yes
1509022211,15900,10269,10269,404000404,800,Yes
1521291325,16802,10792,10792,404000404,800,Yes
1502550127,15690,9779,9779,404000404,800,Yes
1495490166,15629,10615,10615,404000404,800,Yes
1499761330,15059,9524,9524,404000404,800,Yes
1492416350,15509,9753,9753,404000404,800,Yes
1514925092,17303,10048,10048,404000404,800,Yes
1504484841,15830,10711,10711,404000404,800,Yes
1506904857,15759,10511,10511,404000404,800,Yes
1504102180,15369,9322,9322,404000404,800,Yes
1528715187,15559,9740,9740,404000404,800,Yes
1516691927,15159,10110,10110,404000404,800,Yes
1514925143,15970,10049,10049,404000404,800,Yes
1515269710,15199,9707,9707,404000404,800,Yes
1521307489,15399,10219,10219,404000404,800,Yes
1530541515,15840,10607,10607,404000404,800,Yes
1535630909,15760,11526,11526,404000404,800,Yes
1503072449,16020,10096,10096,404000404,800,Yes
1523084530,15409,10085,10085,404000404,800,Yes
1521233347,15870,10512,10512,404000404,800,Yes
1527841048,16431,10667,10667,404000404,800,Yes
1517030704,15740,10350,10350,404000404,800,Yes
1505844196,15990,9457,9457,404000404,800,Yes
1511962200,15910,9945,9945,404000404,800,Yes
1509206433,15510,11025,11025,404000404,800,Yes
1504677188,16330,11042,11042,404000404,800,Yes
1518091100,16250,9753,9753,404000404,800,Yes
1509807273,14718,10285,10285,404000404,800,Yes
1530797566,16852,10514,10514,404000404,800,Yes
1563513613,15950,10190,10190,404000404,800,Yes
1501749370,15529,10696,10696,404000404,800,Yes
1522513336,16221,11011,11011,404000404,800,Yes
1512352332,16381,10717,10717,404000404,800,Yes
1501600479,15820,9031,9031,404000404,800,Yes
1512301584,16401,10597,10597,404000404,800,Yes
1500377972,15860,9970,9970,404000404,800,Yes
1493312342,15870,10123,10123,404000404,800,Yes
1517857190,15550,9862,9862,404000404,800,Yes
1515261315,15069,9612,9612,404000404,800,Yes
1516114326,15950,10136,10136,404000404,800,Yes
1522594254,15770,9420,9420,404000404,800,Yes
1506412667,15209,10716,10716,404000404,800,Yes
1527154289,15860,8859,8859,404000404,800,Yes
1501804638,15730,10509,10509,404000404,800,Yes
1521800647,15389,10681,10681,404000404,800,Yes
1512252284,16411,9950,9950,404000404,800,Yes
1506320533,16151,8552,8552,404000404,800,Yes
1499383617,16942,10088,10088,404000404,800,Yes
1517442849,15680,10198,10198,404000404,800,Yes
1500001777,15680,11017,11017,404000404,800,Yes
1496884707,15088,10290,10290,404000404,800,Yes
1496223759,15740,10287,10287,404000404,800,Yes
1494738801,15359,9312,9312,404000404,800,Yes
1510770682,15820,9729,9729,404000404,800,Yes
1505046374,15339,9561,9561,404000404,800,Yes
1493988523,15389,10660,10660,404000404,800,Yes
1522907633,16160,9898,9898,404000404,800,Yes
1532563717,15499,9788,9788,404000404,800,Yes
1495260184,15439,10613,10613,404000404,800,Yes
1496125127,15840,9705,9705,404000404,800,Yes
1496433486,16321,10722,10722,404000404,800,Yes
1514359133,14888,9141,9141,404000404,800,Yes
1520132764,16632,10478,10478,404000404,800,Yes
1497280523,15920,10245,10245,404000404,800,Yes
1503730034,15850,10477,10477,404000404,800,Yes
1514939500,15991,10075,10075,404000404,800,Yes
1514455809,16522,10122,10122,404000404,800,Yes
1495936134,15690,9920,9920,404000404,800,Yes
1499366246,14888,10606,10606,404000404,800,Yes
1539518362,15719,10339,10339,404000404,800,Yes
1513424013,16431,10223,10223,404000404,800,Yes
1501090827,15770,10196,10196,404000404,800,Yes
1512609719,15729,9038,9038,404000404,800,Yes
1512919480,20359,10554,10554,404000404,800,Yes
1505174225,15109,10004,10004,404000404,800,Yes
1500186923,15840,10419,10419,404000404,800,Yes
1508958993,15629,10916,10916,404000404,800,Yes
1508697623,15208,9981,9981,404000404,800,Yes
1498011966,17363,10660,10660,404000404,800,Yes
1502945466,15830,9889,9889,404000404,800,Yes
1524373677,16651,9594,9594,404000404,800,Yes
1509450136,16732,9465,9465,404000404,800,Yes
1510194181,14918,9925,9925,404000404,800,Yes
1512327876,16882,10685,10685,404000404,800,Yes
1502513302,16081,9258,9258,404000404,800,Yes
1529345788,15509,9587,9587,404000404,800,Yes
1517700897,15560,10388,10388,404000404,800,Yes
1517946046,14908,9965,9965,404000404,800,Yes
1505207984,17804,9750,9750,404000404,800,Yes
1550320111,15509,10709,10709,404000404,800,Yes
1504442234,15209,9574,9574,404000404,800,Yes
1507398037,16221,10365,10365,404000404,800,Yes
1507031067,16100,11024,11024,404000404,800,Yes
1495427395,15349,10102,10102,404000404,800,Yes
1494579674,15680,10620,10620,404000404,800,Yes
1513509111,15510,10088,10088,404000404,800,Yes
1501869381,15168,11483,11483,404000404,800,Yes
1550463703,16802,10850,10850,404000404,800,Yes
1500620665,16371,9562,9562,404000404,800,Yes
1512496643,15249,9484,9484,404000404,800,Yes
1511078021,16120,11366,11366,404000404,800,Yes
1510958219,15670,10164,10164,404000404,800,Yes
1530486079,15730,10113,10113,404000404,800,Yes
1512854280,15439,10417,10417,404000404,800,Yes
1553887750,16321,10074,10074,404000404,800,Yes
1530144959,15630,9806,9806,404000404,800,Yes
1516068683,17733,11207,11207,404000404,800,Yes
1512215952,15289,10609,10609,404000404,800,Yes
1499603700,17694,11559,11559,404000404,800,Yes
1510691395,16421,9700,9700,404000404,800,Yes
1522951539,16291,9643,9643,404000404,800,Yes
1506318693,15239,9798,9798,404000404,800,Yes
1504328659,15209,10331,10331,404000404,800,Yes
1523481349,15560,10026,10026,404000404,800,Yes
1524200706,16791,10703,10703,404000404,800,Yes
1502801604,15991,9354,9354,404000404,800,Yes
1511799778,15479,10069,10069,404000404,800,Yes
1504561374,15479,10837,10837,404000404,800,Yes
1503350899,15800,10498,10498,404000404,800,Yes
1500523199,15259,9049,9049,404000404,800,Yes
1514184307,15469,10177,10177,404000404,800,Yes
1503461083,15169,10418,10418,404000404,800,Yes
1523480082,15700,9550,9550,404000404,800,Yes
1514704487,15670,10218,10218,404000404,800,Yes
1520497163,15850,10132,10132,404000404,800,Yes
1504244528,15229,10702,10702,404000404,800,Yes
1503418550,15369,9263,9263,404000404,800,Yes
1522647623,15780,10401,10401,404000404,800,Yes
1509162217,16501,9004,9004,404000404,800,Yes
1522675626,14998,10211,10211,404000404,800,Yes
1506589967,20939,11132,11132,404000404,800,Yes
1503726429,15309,10333,10333,404000404,800,Yes
1503153680,15068,9928,9928,404000404,800,Yes
1518333924,15309,10632,10632,404000404,800,Yes
1516397984,15399,10048,10048,404000404,800,Yes
1527659917,22813,11128,11128,404000404,800,Yes
1511108878,16211,9669,9669,404000404,800,Yes
1503544086,16371,9944,9944,404000404,800,Yes
1525127047,17293,10020,10020,404000404,800,Yes
1503296329,15920,9464,9464,404000404,800,Yes
1508662938,15549,9098,9098,404000404,800,Yes
1528076811,15940,10068,10068,404000404,800,Yes
1506096609,16211,10201,10201,404000404,800,Yes
1513326496,15590,9565,9565,404000404,800,Yes
1571618748,15519,11246,11246,404000404,800,Yes
1514510299,16251,8735,8735,404000404,800,Yes
1512828760,15349,9540,9540,404000404,800,Yes
1530908997,15079,9645,9645,404000404,800,Yes
1504312032,15539,9907,9907,404000404,800,Yes
1511641549,15930,10861,10861,404000404,800,Yes
1543179904,16351,9633,9633,404000404,800,Yes
1523359473,17262,11152,11152,404000404,800,Yes
1513426307,17012,9664,9664,404000404,800,Yes
1526533705,15660,9580,9580,404000404,800,Yes
1513160524,15569,10163,10163,404000404,800,Yes
1499772816,15339,10476,10476,404000404,800,Yes
1499885436,15740,10623,10623,404000404,800,Yes
1500692660,16091,8928,8928,404000404,800,Yes
1509395297,15450,10219,10219,404000404,800,Yes
1500972801,14858,10019,10019,404000404,800,Yes
1502884538,15589,10326,10326,404000404,800,Yes
1512289535,15349,10067,10067,404000404,800,Yes
1505534077,16210,9644,9644,404000404,800,Yes
1513937808,15750,9697,9697,404000404,800,Yes
1507172182,16592,10872,10872,404000404,800,Yes
1514434400,15489,10337,10337,404000404,800,Yes
1507370419,15910,10144,10144,404000404,800,Yes
1500353196,15299,10285,10285,404000404,800,Yes
1514572509,15079,9258,9258,404000404,800,Yes
1501492996,15630,10745,10745,404000404,800,Yes
1522154641,16011,10363,10363,404000404,800,Yes
1514213337,15750,10799,10799,404000404,800,Yes
1498807438,15099,10535,10535,404000404,800,Yes
1519844302,15029,9434,9434,404000404,800,Yes
1524197612,16391,10025,10025,404000404,800,Yes
1506974943,14938,10285,10285,404000404,800,Yes
1501560355,15279,10262,10262,404000404,800,Yes
1520109779,16061,10862,10862,404000404,800,Yes
1511831037,15709,10036,10036,404000404,800,Yes
1757833245,17603,8998,8998,404000404,800,Yes
1531320837,15199,10122,10122,404000404,800,Yes
1510989091,16030,9949,9949,404000404,800,Yes
1512704264,15920,10562,10562,404000404,800,Yes
1506864962,15379,10368,10368,404000404,800,Yes
1508637105,15419,10712,10712,404000404,800,Yes
1534121811,14698,9426,9426,404000404,800,Yes
1520794589,15690,11038,11038,404000404,800,Yes
1527385477,15679,10204,10204,404000404,800,Yes
1512623908,15319,10377,10377,404000404,800,Yes
1505837643,15379,10418,10418,404000404,800,Yes
1516173373,16932,9838,9838,404000404,800,Yes
1502445963,15499,10474,10474,404000404,800,Yes
1505776987,15199,10821,10821,404000404,800,Yes
1506371860,15830,10117,10117,404000404,800,Yes
1510646371,15229,9638,9638,404000404,800,Yes
1556344104,15359,10039,10039,404000404,800,Yes
1530754272,15910,9429,9429,404000404,800,Yes
1500710453,16150,10443,10443,404000404,800,Yes
1515125348,15369,9315,9315,404000404,800,Yes
1509286136,15530,10766,10766,404000404,800,Yes
1511027180,15991,10807,10807,404000404,800,Yes
1504220085,15770,10453,10453,404000404,800,Yes
1505288265,15509,11067,11067,404000404,800,Yes
1508486827,15379,10370,10370,404000404,800,Yes
1516868626,15740,10026,10026,404000404,800,Yes
1522798491,15058,9891,9891,404000404,800,Yes
1528391469,15560,9253,9253,404000404,800,Yes
1518811895,16451,10470,10470,404000404,800,Yes
1510853862,16130,9830,9830,404000404,800,Yes
1506372733,15750,8975,8975,404000404,800,Yes
1520560345,15770,10661,10661,404000404,800,Yes
1534502883,15800,9895,9895,404000404,800,Yes
1512925340,15820,10749,10749,404000404,800,Yes
1506892422,15239,10363,10363,404000404,800,Yes
1514569956,15680,8969,8969,404000404,800,Yes
1503419789,15539,10306,10306,404000404,800,Yes
1503788543,15760,10111,10111,404000404,800,Yes
1501096813,15800,9362,9362,404000404,800,Yes
1522663138,17132,10414,10414,404000404,800,Yes
1506904814,14958,10423,10423,404000404,800,Yes
1504700907,15469,10486,10486,404000404,800,Yes
1553473541,15089,11233,11233,404000404,800,Yes
1512232233,16181,9527,9527,404000404,800,Yes
1516220880,15309,9191,9191,404000404,800,Yes
1516624492,15660,10304,10304,404000404,800,Yes
1516140933,15940,10585,10585,404000404,800,Yes
1511992473,16180,10142,10142,404000404,800,Yes
1511353059,16351,10573,10573,404000404,800,Yes
1526989545,16682,9995,9995,404000404,800,Yes
1557322090,14988,9460,9460,404000404,800,Yes
1563214875,16662,9421,9421,404000404,800,Yes
1505608738,15650,10110,10110,404000404,800,Yes
1512044752,15469,10756,10756,404000404,800,Yes
1507439408,15960,9591,9591,404000404,800,Yes
1510472268,15059,10284,10284,404000404,800,Yes
1505495260,15359,10167,10167,404000404,800,Yes
1504423046,14668,9729,9729,404000404,800,Yes
1513179764,15810,9178,9178,404000404,800,Yes
1514826710,15019,10022,10022,404000404,800,Yes
1504613808,16381,9288,9288,404000404,800,Yes
1503977829,16321,8895,8895,404000404,800,Yes
1516055236,15419,9802,9802,404000404,800,Yes
1512970872,15960,9770,9770,404000404,800,Yes
1512164452,16131,9356,9356,404000404,800,Yes
1511068634,15329,10124,10124,404000404,800,Yes
1501556729,15760,10329,10329,404000404,800,Yes
1514688020,15920,11122,11122,404000404,800,Yes
1499565010,14808,10233,10233,404000404,800,Yes
1499910122,15299,10431,10431,404000404,800,Yes
1522177112,15710,9832,9832,404000404,800,Yes
1501642404,15579,8818,8818,404000404,800,Yes
1502959856,15800,8867,8867,404000404,800,Yes
1506045556,16201,9338,9338,404000404,800,Yes
1524643420,15179,11342,11342,404000404,800,Yes
1506291947,15750,9367,9367,404000404,800,Yes
1498252721,15479,10515,10515,404000404,800,Yes
1512183196,16050,10982,10982,404000404,800,Yes
1517059936,15830,9835,9835,404000404,800,Yes
1507454175,16181,10390,10390,404000404,800,Yes
1514353856,15479,10363,10363,404000404,800,Yes
1507669425,15820,10283,10283,404000404,800,Yes
1511500116,15329,10482,10482,404000404,800,Yes
1511950335,16221,9470,9470,404000404,800,Yes
1505825105,15640,9480,9480,404000404,800,Yes
1531598083,16010,9850,9850,404000404,800,Yes
1500893480,14627,9919,9919,404000404,800,Yes
1501431054,15349,9699,9699,404000404,800,Yes
1546094423,15429,9993,9993,404000404,800,Yes
1499026666,17072,10379,10379,404000404,800,Yes
1510860931,15670,9915,9915,404000404,800,Yes
1499986658,15449,9638,9638,404000404,800,Yes
1499145853,15379,10040,10040,404000404,800,Yes
1524673196,15599,10658,10658,404000404,800,Yes
1541716254,16071,10374,10374,404000404,800,Yes
1517184340,15500,9418,9418,404000404,800,Yes
1508840898,15589,10426,10426,404000404,800,Yes
1519712882,16011,9088,9088,404000404,800,Yes
1510084737,15720,9829,9829,404000404,800,Yes
1512680199,16501,9024,9024,404000404,800,Yes
1505900879,15550,11044,11044,404000404,800,Yes
1521303812,16301,9186,9186,404000404,800,Yes
1506412883,16852,9415,9415,404000404,800,Yes
1502593799,15980,10887,10887,404000404,800,Yes
1504682881,15690,9938,9938,404000404,800,Yes
1517187867,15500,10648,10648,404000404,800,Yes
1512289980,15168,10401,10401,404000404,800,Yes
1508981983,15068,10400,10400,404000404,800,Yes
1517240819,15409,9712,9712,404000404,800,Yes
1510908135,15299,9171,9171,404000404,800,Yes
1501247520,16341,11239,11239,404000404,800,Yes
1520771264,16301,10078,10078,404000404,800,Yes
1500672335,16551,9325,9325,404000404,800,Yes
1515138924,15609,10557,10557,404000404,800,Yes
1498404535,15810,10491,10491,404000404,800,Yes
1500962466,14888,9069,9069,404000404,800,Yes
1514783743,16491,9326,9326,404000404,800,Yes
1503140484,15490,9674,9674,404000404,800,Yes
1502446729,15479,9757,9757,404000404,800,Yes
1500770352,15048,10558,10558,404000404,800,Yes
1587586572,14969,9837,9837,404000404,800,Yes
1509629630,15409,10842,10842,404000404,800,Yes
1505330637,15800,9943,9943,404000404,800,Yes
1503014829,15099,10391,10391,404000404,800,Yes
1517021308,15800,10403,10403,404000404,800,Yes
1503025655,15820,9807,9807,404000404,800,Yes
1500675592,15480,10089,10089,404000404,800,Yes
1502400405,16341,10552,10552,404000404,800,Yes
1498642427,16732,10204,10204,404000404,800,Yes
1498595806,15870,10065,10065,404000404,800,Yes
1518002449,15349,10973,10973,404000404,800,Yes
1508823155,14908,10361,10361,404000404,800,Yes
1505539686,15429,11262,11262,404000404,800,Yes
1504764916,15479,10540,10540,404000404,800,Yes
1516583040,15098,10241,10241,404000404,800,Yes
1505542893,15519,9162,9162,404000404,800,Yes
1521979734,15329,10081,10081,404000404,800,Yes
1504500435,15559,11357,11357,404000404,800,Yes
1510011116,15649,9498,9498,404000404,800,Yes
1519789217,15269,10157,10157,404000404,800,Yes
1503977337,15699,9101,9101,404000404,800,Yes
1520586031,15960,9869,9869,404000404,800,Yes
1520563987,16091,10212,10212,404000404,800,Yes
1507837718,15930,9818,9818,404000404,800,Yes
1513593935,16702,10638,10638,404000404,800,Yes
1514006704,15570,10826,10826,404000404,800,Yes
1509168801,16791,11083,11083,404000404,800,Yes
1507699055,16892,9954,9954,404000404,800,Yes
1509357954,15149,10160,10160,404000404,800,Yes
1665266702,15570,10211,10211,404000404,800,Yes
1522011257,15249,10001,10001,404000404,800,Yes
1545396381,15509,10836,10836,404000404,800,Yes
1541037075,16772,10629,10629,404000404,800,Yes
1515680562,21030,10591,10591,404000404,800,Yes
1525605812,15630,9779,9779,404000404,800,Yes
1511746730,15950,10377,10377,404000404,800,Yes
1514737019,16200,10536,10536,404000404,800,Yes
1517726196,14939,10720,10720,404000404,800,Yes
1507121424,15609,10467,10467,404000404,800,Yes
1516194019,15188,10909,10909,404000404,800,Yes
1506723725,16100,10548,10548,404000404,800,Yes
1535948267,15750,11290,11290,404000404,800,Yes
1513316413,15379,10696,10696,404000404,800,Yes
1545638900,15549,10513,10513,404000404,800,Yes
1504599313,15820,10342,10342,404000404,800,Yes
1501935988,15369,10469,10469,404000404,800,Yes
1511483803,15138,9704,9704,404000404,800,Yes
1533178818,15479,10455,10455,404000404,800,Yes
1501451734,16120,9747,9747,404000404,800,Yes
1509999185,15359,10086,10086,404000404,800,Yes
1511157446,15659,9156,9156,404000404,800,Yes
1502541080,15790,10241,10241,404000404,800,Yes
1508694127,15981,10242,10242,404000404,800,Yes
1516529731,15700,10009,10009,404000404,800,Yes
1536532881,16301,9812,9812,404000404,800,Yes
1524525314,15629,9682,9682,404000404,800,Yes
1517920416,14888,9744,9744,404000404,800,Yes
1505233613,16892,9844,9844,404000404,800,Yes
1511174369,15379,9877,9877,404000404,800,Yes
1506632437,16541,10286,10286,404000404,800,Yes
1499912191,15720,10591,10591,404000404,800,Yes
1520345036,15540,10741,10741,404000404,800,Yes
1516483932,15098,10313,10313,404000404,800,Yes
1530605496,15850,10963,10963,404000404,800,Yes
1523913575,16451,10353,10353,404000404,800,Yes
1502425588,15189,10207,10207,404000404,800,Yes
1503250647,15599,9215,9215,404000404,800,Yes
1502627997,15309,11051,11051,404000404,800,Yes
1513018618,16291,10566,10566,404000404,800,Yes
1570747797,15649,9891,9891,404000404,800,Yes
1498748866,15659,10094,10094,404000404,800,Yes
1508606548,15720,10944,10944,404000404,800,Yes
1540171007,15790,9660,9660,404000404,800,Yes
1539277464,15449,9186,9186,404000404,800,Yes
1510438230,15249,10768,10768,404000404,800,Yes
1499783784,16101,10415,10415,404000404,800,Yes
1519055419,15610,10725,10725,404000404,800,Yes
1502923734,15059,9963,9963,404000404,800,Yes
1505343584,15228,8940,8940,404000404,800,Yes
1508881079,15850,9647,9647,404000404,800,Yes
1505444892,15409,10020,10020,404000404,800,Yes
1521423973,16020,10214,10214,404000404,800,Yes
1537163250,15289,10100,10100,404000404,800,Yes
1511310671,15209,10454,10454,404000404,800,Yes
1508970508,21631,10882,10882,404000404,800,Yes
1522546959,16221,10295,10295,404000404,800,Yes
1501550023,15038,10199,10199,404000404,800,Yes
1502330099,15029,10938,10938,404000404,800,Yes
1514584057,15279,9713,9713,404000404,800,Yes
1558227335,15429,10429,10429,404000404,800,Yes
1499971998,14868,9356,9356,404000404,800,Yes
1585091624,15980,9468,9468,404000404,800,Yes
1517971081,14748,9583,9583,404000404,800,Yes
1540446672,16291,9655,9655,404000404,800,Yes
1520113222,16672,9913,9913,404000404,800,Yes
1505652341,15109,9906,9906,404000404,800,Yes
1534565340,15609,10171,10171,404000404,800,Yes
1516854106,15259,10633,10633,404000404,800,Yes
1509618885,15860,9822,9822,404000404,800,Yes
1506827949,15299,11051,11051,404000404,800,Yes
1516277327,15789,11281,11281,404000404,800,Yes
1504637218,15490,9453,9453,404000404,800,Yes
1507136216,15529,10494,10494,404000404,800,Yes
1529869906,15820,11154,11154,404000404,800,Yes
1509942736,16171,10854,10854,404000404,800,Yes
1529565847,15069,10797,10797,404000404,800,Yes
1509956598,15790,9736,9736,404000404,800,Yes
1512613867,15169,10036,10036,404000404,800,Yes
1503839262,15459,11259,11259,404000404,800,Yes
1503734321,15860,9652,9652,404000404,800,Yes
1522105692,15900,11341,11341,404000404,800,Yes
1505565765,16061,10197,10197,404000404,800,Yes
1504511717,14978,9489,9489,404000404,800,Yes
1549225051,15499,9849,9849,404000404,800,Yes
1526747592,15800,10658,10658,404000404,800,Yes
1507522160,15469,9927,9927,404000404,800,Yes
1502896842,15549,9612,9612,404000404,800,Yes
1512504590,15299,11070,11070,404000404,800,Yes
1509647268,14998,10146,10146,404000404,800,Yes
1505203523,15028,10216,10216,404000404,800,Yes
1513658819,16721,10069,10069,404000404,800,Yes
1508993054,16090,9444,9444,404000404,800,Yes
1510333570,15880,9941,9941,404000404,800,Yes
1509388398,15199,8999,8999,404000404,800,Yes
1515418032,16491,10615,10615,404000404,800,Yes
1500853957,14918,10186,10186,404000404,800,Yes
1542358625,15179,10037,10037,404000404,800,Yes
1515167111,15259,9668,9668,404000404,800,Yes
1501633908,15199,10612,10612,404000404,800,Yes
1556169496,15440,10469,10469,404000404,800,Yes
1513736036,15208,10678,10678,404000404,800,Yes
1512347666,16010,9838,9838,404000404,800,Yes
1519467204,15008,10447,10447,404000404,800,Yes
1508899934,19717,10245,10245,404000404,800,Yes
1500321392,15880,9630,9630,404000404,800,Yes
1515443239,15139,10328,10328,404000404,800,Yes
1506500216,15920,9559,9559,404000404,800,Yes
1541036781,16071,9725,9725,404000404,800,Yes
1503160559,15639,9198,9198,404000404,800,Yes
1501018101,15129,10014,10014,404000404,800,Yes
1503980618,15800,10240,10240,404000404,800,Yes
1504735837,16612,10316,10316,404000404,800,Yes
1512830850,16060,8669,8669,404000404,800,Yes
1522739608,15589,10362,10362,404000404,800,Yes
1523688282,16461,9676,9676,404000404,800,Yes
1504139770,15660,9034,9034,404000404,800,Yes
1511756588,16892,10763,10763,404000404,800,Yes
1504464881,16020,10157,10157,404000404,800,Yes
1505219359,15719,9893,9893,404000404,800,Yes
1504650520,17323,11195,11195,404000404,800,Yes
1508043972,16561,9908,9908,404000404,800,Yes
1521143482,15540,10076,10076,404000404,800,Yes
1503709754,15720,9842,9842,404000404,800,Yes
1503440291,16060,9589,9589,404000404,800,Yes
1511931245,15599,10156,10156,404000404,800,Yes
1507633728,15279,10161,10161,404000404,800,Yes
1504764354,15299,10131,10131,404000404,800,Yes
1501723114,15900,10103,10103,404000404,800,Yes
1503788793,15450,10620,10620,404000404,800,Yes
1513495589,15830,10139,10139,404000404,800,Yes
1503997645,15960,10241,10241,404000404,800,Yes
1503640286,20869,9928,9928,404000404,800,Yes
1507262813,15680,10346,10346,404000404,800,Yes
1506121911,15078,9555,9555,404000404,800,Yes
1504053053,15439,9889,9889,404000404,800,Yes
1517619034,15048,10194,10194,404000404,800,Yes
1502093409,15359,10439,10439,404000404,800,Yes
1560779463,15770,11182,11182,404000404,800,Yes
1513050219,15179,11189,11189,404000404,800,Yes
1538601963,15880,9591,9591,404000404,800,Yes
1523058043,15078,10451,10451,404000404,800,Yes
1526814464,15860,10021,10021,404000404,800,Yes
1520537378,15910,9896,9896,404000404,800,Yes
1508174972,16601,10224,10224,404000404,800,Yes
1539613930,15709,9744,9744,404000404,800,Yes
1533504282,15729,9100,9100,404000404,800,Yes
1510950230,16872,10956,10956,404000404,800,Yes
1543565166,15700,9951,9951,404000404,800,Yes
1508665331,16721,10370,10370,404000404,800,Yes
1501612868,16541,9929,9929,404000404,800,Yes
1522392767,15389,10256,10256,404000404,800,Yes
1541063092,15510,10920,10920,404000404,800,Yes
1519024427,15620,11099,11099,404000404,800,Yes
1507865540,15169,10204,10204,404000404,800,Yes
1538486388,15549,9609,9609,404000404,800,Yes
1502452878,16491,11042,11042,404000404,800,Yes
1505595916,15259,9962,9962,404000404,800,Yes
1518101241,15299,10822,10822,404000404,800,Yes
1504252850,15138,9207,9207,404000404,800,Yes
1533596032,16191,11476,11476,404000404,800,Yes
1507613982,15570,9795,9795,404000404,800,Yes
1518152742,15549,10132,10132,404000404,800,Yes
1503411943,15590,10155,10155,404000404,800,Yes
1520442103,15399,10720,10720,404000404,800,Yes
1524299655,15870,10156,10156,404000404,800,Yes
1504847246,16451,9014,9014,404000404,800,Yes
1504555642,15118,9306,9306,404000404,800,Yes
1718596751,15269,10432,10432,404000404,800,Yes
1531640666,16371,10857,10857,404000404,800,Yes
1505489526,16010,9703,9703,404000404,800,Yes
1504720188,15700,9497,9497,404000404,800,Yes
1510080955,15720,9221,9221,404000404,800,Yes
1553009525,14357,10040,10040,404000404,800,Yes
1502449514,15780,9947,9947,404000404,800,Yes
1528570103,21070,9811,9811,404000404,800,Yes
1500498438,16862,9555,9555,404000404,800,Yes
1506665942,16030,9845,9845,404000404,800,Yes
1505953461,15109,9889,9889,404000404,800,Yes
1537047367,15620,9873,9873,404000404,800,Yes
1520225668,16521,9416,9416,404000404,800,Yes
1503819095,15469,10110,10110,404000404,800,Yes
1507925369,15760,10489,10489,404000404,800,Yes
1506729313,15930,9587,9587,404000404,800,Yes
1541836074,16050,10437,10437,404000404,800,Yes
1548157281,16091,10662,10662,404000404,800,Yes
1514311823,14748,10040,10040,404000404,800,Yes
1528085819,16171,10325,10325,404000404,800,Yes
1505072208,14708,8608,8608,404000404,800,Yes
1503460305,15569,8555,8555,404000404,800,Yes
1526985551,16130,8690,8690,404000404,800,Yes
1507161109,15249,10518,10518,404000404,800,Yes
1500404806,16271,10148,10148,404000404,800,Yes
1502662108,15930,9705,9705,404000404,800,Yes
1501775897,15289,11042,11042,404000404,800,Yes
1519924616,14157,9336,9336,404000404,800,Yes
1514755447,15790,10602,10602,404000404,800,Yes
1531260364,15430,10818,10818,404000404,800,Yes
1500660612,15920,10178,10178,404000404,800,Yes
1506781147,15599,10117,10117,404000404,800,Yes
1505336070,15289,9388,9388,404000404,800,Yes
1537821630,15710,10316,10316,404000404,800,Yes
1502823200,16391,10474,10474,404000404,800,Yes
1510221565,15609,10630,10630,404000404,800,Yes
1506777374,14988,9335,9335,404000404,800,Yes
1516762776,15700,10121,10121,404000404,800,Yes
1533336030,15439,10974,10974,404000404,800,Yes
1508527403,15860,10595,10595,404000404,800,Yes
1509017770,15359,8872,8872,404000404,800,Yes
1503763942,15359,9735,9735,404000404,800,Yes
1505790046,15379,10845,10845,404000404,800,Yes
1725160535,15429,9134,9134,404000404,800,Yes
1535061950,15980,11082,11082,404000404,800,Yes
1507970309,16221,9541,9541,404000404,800,Yes
1535731854,15940,8980,8980,404000404,800,Yes
1535181372,14828,10121,10121,404000404,800,Yes
1505293348,15700,9945,9945,404000404,800,Yes
1506986712,16732,10486,10486,404000404,800,Yes
1506337291,15359,10503,10503,404000404,800,Yes
1503171016,15349,9747,9747,404000404,800,Yes
1518914289,20850,11254,11254,404000404,800,Yes
1519688744,16051,9896,9896,404000404,800,Yes
1517568969,14989,9098,9098,404000404,800,Yes
1516941661,15159,9195,9195,404000404,800,Yes
1510627565,17082,9528,9528,404000404,800,Yes
1502171837,15499,9603,9603,404000404,800,Yes
1504134681,15729,11071,11071,404000404,800,Yes
1505616295,20890,9100,9100,404000404,800,Yes
1513487303,15409,10970,10970,404000404,800,Yes
1526983062,15339,10148,10148,404000404,800,Yes
1506927672,15269,10088,10088,404000404,800,Yes
1513958813,15740,10236,10236,404000404,800,Yes
1510771547,15168,9332,9332,404000404,800,Yes
1522968096,15450,9978,9978,404000404,800,Yes
1531815875,15009,10260,10260,404000404,800,Yes
1517667448,16431,10304,10304,404000404,800,Yes
1499893069,15239,10569,10569,404000404,800,Yes
1501087477,14838,10983,10983,404000404,800,Yes
1500698360,15950,10385,10385,404000404,800,Yes
1542777651,16632,10415,10415,404000404,800,Yes
1506570164,15620,11190,11190,404000404,800,Yes
1509726878,15449,10076,10076,404000404,800,Yes
1557102395,20939,10577,10577,404000404,800,Yes
1512609332,15900,10346,10346,404000404,800,Yes
1503022783,15700,10532,10532,404000404,800,Yes
1526795156,15360,11178,11178,404000404,800,Yes
1516311538,15760,10044,10044,404000404,800,Yes
1513631272,15158,10818,10818,404000404,800,Yes
1513356420,15289,10161,10161,404000404,800,Yes
1529666667,15349,9887,9887,404000404,800,Yes
1502477289,15890,9255,9255,404000404,800,Yes
1502465915,15870,10742,10742,404000404,800,Yes
1503408452,15158,10205,10205,404000404,800,Yes
1503952705,15549,9953,9953,404000404,800,Yes
1509042649,15459,10995,10995,404000404,800,Yes
1510068744,15469,9453,9453,404000404,800,Yes
1504338794,16371,9593,9593,404000404,800,Yes
1555533583,15509,10727,10727,404000404,800,Yes
1538195100,15840,9975,9975,404000404,800,Yes
1504750543,15670,10490,10490,404000404,800,Yes
1503080967,16531,10279,10279,404000404,800,Yes
1506385653,14838,9665,9665,404000404,800,Yes
1506123840,15720,9931,9931,404000404,800,Yes
1503956713,15950,10706,10706,404000404,800,Yes
1527484593,15920,10232,10232,404000404,800,Yes
1505261638,14868,9419,9419,404000404,800,Yes
1512868153,16922,9023,9023,404000404,800,Yes
1501859757,16381,9000,9000,404000404,800,Yes
1506642990,16782,10987,10987,404000404,800,Yes
1514470353,15248,10857,10857,404000404,800,Yes
1503650895,15589,9410,9410,404000404,800,Yes
1504181802,15470,10076,10076,404000404,800,Yes
1546978442,15539,10258,10258,404000404,800,Yes
1514842880,16021,9253,9253,404000404,800,Yes
1505125657,16401,10626,10626,404000404,800,Yes
1505241899,15309,10296,10296,404000404,800,Yes
1503348409,15910,10878,10878,404000404,800,Yes
1504328877,15610,10247,10247,404000404,800,Yes
1555045723,15109,9358,9358,404000404,800,Yes
1503645540,15509,10490,10490,404000404,800,Yes
1528012288,15048,9780,9780,404000404,800,Yes
1519572342,15409,10953,10953,404000404,800,Yes
1507314762,15209,9991,9991,404000404,800,Yes
1504369251,15129,10748,10748,404000404,800,Yes
1531792542,15830,9866,9866,404000404,800,Yes
1519917726,15410,9569,9569,404000404,800,Yes
1506282530,15770,9481,9481,404000404,800,Yes
1523672295,15770,10112,10112,404000404,800,Yes
1513743192,15569,10585,10585,404000404,800,Yes
1527778140,15749,9262,9262,404000404,800,Yes
1556687704,15429,8880,8880,404000404,800,Yes
1509938020,14988,9808,9808,404000404,800,Yes
1505466372,16141,9989,9989,404000404,800,Yes
1516631992,15239,10531,10531,404000404,800,Yes
1557541040,16200,9907,9907,404000404,800,Yes
1509502066,17033,10171,10171,404000404,800,Yes
1529471815,15479,9722,9722,404000404,800,Yes
1515584881,15630,11369,11369,404000404,800,Yes
1512281173,15729,10031,10031,404000404,800,Yes
1508265076,15409,10058,10058,404000404,800,Yes
1528336628,15148,10444,10444,404000404,800,Yes
1521272674,16401,10009,10009,404000404,800,Yes
1540047783,15219,10534,10534,404000404,800,Yes
1579539681,15249,9544,9544,404000404,800,Yes
1506864780,15529,9583,9583,404000404,800,Yes
1550582064,15941,11169,11169,404000404,800,Yes
1512024959,15309,11057,11057,404000404,800,Yes
1505008546,16471,9505,9505,404000404,800,Yes
1507426814,15880,10392,10392,404000404,800,Yes
1508080323,16151,9738,9738,404000404,800,Yes
1513937909,15519,10843,10843,404000404,800,Yes
1519348601,15410,10741,10741,404000404,800,Yes
1505899715,15159,10013,10013,404000404,800,Yes
1502849486,14778,9446,9446,404000404,800,Yes
1518292329,15850,10550,10550,404000404,800,Yes
1505581270,16591,9593,9593,404000404,800,Yes
1503096070,15680,10469,10469,404000404,800,Yes
1530491991,16220,8730,8730,404000404,800,Yes
1517942287,14788,9912,9912,404000404,800,Yes
1505065093,15940,10903,10903,404000404,800,Yes
1512884712,15469,9014,9014,404000404,800,Yes
1506014204,15870,9739,9739,404000404,800,Yes
1504827512,15299,10532,10532,404000404,800,Yes
1541634941,15770,9801,9801,404000404,800,Yes
1501149638,16562,10017,10017,404000404,800,Yes
1505479211,15018,9109,9109,404000404,800,Yes
1503631057,16100,10251,10251,404000404,800,Yes
1512851807,15439,9773,9773,404000404,800,Yes
1517640040,15139,10440,10440,404000404,800,Yes
1517612540,15279,9554,9554,404000404,800,Yes
1507724213,16030,11063,11063,404000404,800,Yes
1502778426,15480,10620,10620,404000404,800,Yes
1501390473,15519,9988,9988,404000404,800,Yes
1508562616,21210,10488,10488,404000404,800,Yes
1501054070,15619,10413,10413,404000404,800,Yes
1531335772,15148,10493,10493,404000404,800,Yes
1507425672,15329,10228,10228,404000404,800,Yes
1531910665,14888,11255,11255,404000404,800,Yes
1526937758,15449,10299,10299,404000404,800,Yes
1512709266,15379,10484,10484,404000404,800,Yes
1517266412,15649,11157,11157,404000404,800,Yes
1520202981,15639,10140,10140,404000404,800,Yes
1557066888,16581,10503,10503,404000404,800,Yes
1515348660,15379,9890,9890,404000404,800,Yes
1499586146,15369,10410,10410,404000404,800,Yes
1513824020,15519,10396,10396,404000404,800,Yes
1531952526,17113,10440,10440,404000404,800,Yes
1501644509,15469,9599,9599,404000404,800,Yes
1525925857,14718,10416,10416,404000404,800,Yes
1507461261,15830,9951,9951,404000404,800,Yes
1512332299,15880,9962,9962,404000404,800,Yes
1510300218,15759,9785,9785,404000404,800,Yes
1500506927,15659,9899,9899,404000404,800,Yes
1577271918,15339,10914,10914,404000404,800,Yes
1503611046,15189,10296,10296,404000404,800,Yes
1505477429,15670,10543,10543,404000404,800,Yes
1502602341,15209,11312,11312,404000404,800,Yes
1532890616,15940,9901,9901,404000404,800,Yes
1501538092,15589,9779,9779,404000404,800,Yes
1511656320,15620,10755,10755,404000404,800,Yes
1515245344,15920,9734,9734,404000404,800,Yes
1509748435,15809,8442,8442,404000404,800,Yes
1500463137,14688,9166,9166,404000404,800,Yes
1566521960,15580,10211,10211,404000404,800,Yes
1660190838,16161,9954,9954,404000404,800,Yes
1499129600,15499,10014,10014,404000404,800,Yes
1503340410,15820,9834,9834,404000404,800,Yes
1502237305,15189,10037,10037,404000404,800,Yes
1518359735,16280,9938,9938,404000404,800,Yes
1535997072,15229,10681,10681,404000404,800,Yes
1505568114,15579,9431,9431,404000404,800,Yes
1522403353,15449,9369,9369,404000404,800,Yes
1502371600,15339,9716,9716,404000404,800,Yes
1514791614,15309,9786,9786,404000404,800,Yes
1515844068,15269,10473,10473,404000404,800,Yes
1512382891,16241,10198,10198,404000404,800,Yes
1515514017,15249,10256,10256,404000404,800,Yes
1510596044,15268,9542,9542,404000404,800,Yes
1503236118,16411,10010,10010,404000404,800,Yes
1509734518,15119,9613,9613,404000404,800,Yes
1501755121,16822,10271,10271,404000404,800,Yes
1543130416,15479,10906,10906,404000404,800,Yes
1499739060,15700,9389,9389,404000404,800,Yes
1507439183,15209,9816,9816,404000404,800,Yes
1501856531,15780,11502,11502,404000404,800,Yes
1513204947,15810,9211,9211,404000404,800,Yes
1503570217,15700,9945,9945,404000404,800,Yes
1501599731,15509,10328,10328,404000404,800,Yes
1506626747,15390,10143,10143,404000404,800,Yes
1503126141,15369,9847,9847,404000404,800,Yes
1519811341,15580,10601,10601,404000404,800,Yes
1499669136,15539,10458,10458,404000404,800,Yes
1499935310,16741,8776,8776,404000404,800,Yes
1543327663,16010,9678,9678,404000404,800,Yes
1507384101,14908,10777,10777,404000404,800,Yes
1555858691,15159,9887,9887,404000404,800,Yes
1514818001,15820,10019,10019,404000404,800,Yes
1505449105,15720,9387,9387,404000404,800,Yes
1666771750,15499,10680,10680,404000404,800,Yes
1520313487,15770,10270,10270,404000404,800,Yes
1522477986,14998,10083,10083,404000404,800,Yes
1559350793,15359,10140,10140,404000404,800,Yes
1506764996,15500,10324,10324,404000404,800,Yes
1523745580,15590,10895,10895,404000404,800,Yes
1505273828,15720,10156,10156,404000404,800,Yes
1502078813,16661,9894,9894,404000404,800,Yes
1533557634,16381,9444,9444,404000404,800,Yes
1535724966,14688,9572,9572,404000404,800,Yes
1506960808,15429,10539,10539,404000404,800,Yes
1514150675,15519,9880,9880,404000404,800,Yes
1539830261,15609,9919,9919,404000404,800,Yes
1528793909,15209,9649,9649,404000404,800,Yes
1500323946,15208,9315,9315,404000404,800,Yes
1517909426,15991,10169,10169,404000404,800,Yes
1511299690,14999,9790,9790,404000404,800,Yes
1502517192,15299,10590,10590,404000404,800,Yes
1535144777,15550,9897,9897,404000404,800,Yes
1507816494,14948,9045,9045,404000404,800,Yes
1508514306,15178,11561,11561,404000404,800,Yes
1507553811,17203,10573,10573,404000404,800,Yes
1503800740,15860,11111,11111,404000404,800,Yes
1504914691,15009,10478,10478,404000404,800,Yes
1501919404,15219,11493,11493,404000404,800,Yes
1503993601,14918,10321,10321,404000404,800,Yes
1504874890,15439,10424,10424,404000404,800,Yes
1519487264,15509,9758,9758,404000404,800,Yes
1542696697,15229,9190,9190,404000404,800,Yes
1530874386,15679,9960,9960,404000404,800,Yes
1544780974,15580,9884,9884,404000404,800,Yes
1504697645,15720,9450,9450,404000404,800,Yes
1504930435,15960,9755,9755,404000404,800,Yes
1508572691,16421,9591,9591,404000404,800,Yes
1506094994,15740,10992,10992,404000404,800,Yes
1502295004,15038,8626,8626,404000404,800,Yes
1539896663,15339,10183,10183,404000404,800,Yes
1508650194,16411,10025,10025,404000404,800,Yes
1500235884,20629,10456,10456,404000404,800,Yes
1500516045,16391,10318,10318,404000404,800,Yes
1548406544,21491,10387,10387,404000404,800,Yes
1513285363,16231,10138,10138,404000404,800,Yes
1506013243,15008,10249,10249,404000404,800,Yes
1510421247,15730,9650,9650,404000404,800,Yes
1507015284,15399,10522,10522,404000404,800,Yes
1537826110,15519,9418,9418,404000404,800,Yes
1508671310,15800,9452,9452,404000404,800,Yes
1505005906,16040,10204,10204,404000404,800,Yes
1513391787,15289,8834,8834,404000404,800,Yes
1515918570,15229,10489,10489,404000404,800,Yes
1507436281,15469,10174,10174,404000404,800,Yes
1518430718,15790,9902,9902,404000404,800,Yes
1513010372,15650,10434,10434,404000404,800,Yes
1513900408,15609,10139,10139,404000404,800,Yes
1506959004,15710,10013,10013,404000404,800,Yes
1506447126,15489,10183,10183,404000404,800,Yes
1509349051,15700,10739,10739,404000404,800,Yes
1516136908,16421,9484,9484,404000404,800,Yes
1533453769,15670,10754,10754,404000404,800,Yes
1509054497,16902,11192,11192,404000404,800,Yes
1562794887,15410,9849,9849,404000404,800,Yes
1505649267,15981,9391,9391,404000404,800,Yes
1525983539,17162,10299,10299,404000404,800,Yes
1517440053,15720,10146,10146,404000404,800,Yes
1505075246,16301,10674,10674,404000404,800,Yes
1505442122,15730,10504,10504,404000404,800,Yes
1526432605,16140,10094,10094,404000404,800,Yes
1521001480,15419,9383,9383,404000404,800,Yes
1506435758,15750,9741,9741,404000404,800,Yes
1515381326,15590,9980,9980,404000404,800,Yes
1503675316,16081,10232,10232,404000404,800,Yes
1515056586,15600,9467,9467,404000404,800,Yes
1507473058,15830,10236,10236,404000404,800,Yes
1516708174,15429,10083,10083,404000404,800,Yes
1506588245,16051,10088,10088,404000404,800,Yes
1503928214,15540,10596,10596,404000404,800,Yes
1502369595,15740,9721,9721,404000404,800,Yes
1511765086,15760,10187,10187,404000404,800,Yes
1517836578,15470,9591,9591,404000404,800,Yes
1516801070,15029,10569,10569,404000404,800,Yes
1528424257,16291,10157,10157,404000404,800,Yes
1550496518,15950,10858,10858,404000404,800,Yes
1506202749,15079,10554,10554,404000404,800,Yes
1504154795,16221,10317,10317,404000404,800,Yes
1555031747,16151,11003,11003,404000404,800,Yes
1515479999,16331,10596,10596,404000404,800,Yes
1500914397,16472,10610,10610,404000404,800,Yes
1501778073,14938,9697,9697,404000404,800,Yes
1537120036,14968,9508,9508,404000404,800,Yes
1526890620,15910,9331,9331,404000404,800,Yes
1544800945,15530,10016,10016,404000404,800,Yes
1503740132,15890,10528,10528,404000404,800,Yes
1511391092,15790,10965,10965,404000404,800,Yes
1534834028,15039,9334,9334,404000404,800,Yes
1506476825,15620,9463,9463,404000404,800,Yes
1502696203,14909,10231,10231,404000404,800,Yes
1500820214,15730,9939,9939,404000404,800,Yes
1510501636,15760,10715,10715,404000404,800,Yes
1501406496,16973,10745,10745,404000404,800,Yes
1518555972,15399,10040,10040,404000404,800,Yes
1503965722,15690,9852,9852,404000404,800,Yes
1501795146,16030,10494,10494,404000404,800,Yes
1504772463,16301,9778,9778,404000404,800,Yes
1507474116,16522,10185,10185,404000404,800,Yes
1505911270,15579,10425,10425,404000404,800,Yes
1537920347,15089,10088,10088,404000404,800,Yes
1511599888,15850,10304,10304,404000404,800,Yes
1523976662,15770,9319,9319,404000404,800,Yes
1543608957,15490,10650,10650,404000404,800,Yes
1512794462,16180,9991,9991,404000404,800,Yes
1504468959,16120,9767,9767,404000404,800,Yes
1529711331,15439,10738,10738,404000404,800,Yes
1505016839,15479,10320,10320,404000404,800,Yes
1542257356,15459,10371,10371,404000404,800,Yes
1500561881,16071,10657,10657,404000404,800,Yes
1500254521,15470,9411,9411,404000404,800,Yes
1511762320,15099,10593,10593,404000404,800,Yes
1503266273,15249,9134,9134,404000404,800,Yes
1502009507,16561,10877,10877,404000404,800,Yes
1499543381,15720,9844,9844,404000404,800,Yes
1512811090,15930,10892,10892,404000404,800,Yes
1504168706,16120,9692,9692,404000404,800,Yes
1501900466,15069,10015,10015,404000404,800,Yes
1500038142,17272,9698,9698,404000404,800,Yes
1500466515,15279,9489,9489,404000404,800,Yes
1515697249,26290,9931,9931,404000404,800,Yes
1499342160,15590,9885,9885,404000404,800,Yes
1519091225,15329,9805,9805,404000404,800,Yes
1511669801,15619,9370,9370,404000404,800,Yes
1501801908,19998,9187,9187,404000404,800,Yes
1512741031,15619,9844,9844,404000404,800,Yes
1509346148,15379,10503,10503,404000404,800,Yes
1513066460,15469,10034,10034,404000404,800,Yes
1510004797,15339,9692,9692,404000404,800,Yes
1517794751,16361,10025,10025,404000404,800,Yes
1568371997,15770,10412,10412,404000404,800,Yes
1499594490,15379,10424,10424,404000404,800,Yes
1524359999,15951,9890,9890,404000404,800,Yes
1509946163,17383,9553,9553,404000404,800,Yes
1503956740,15530,10366,10366,404000404,800,Yes
1502089748,16091,10124,10124,404000404,800,Yes
1502181332,15820,9664,9664,404000404,800,Yes
1500338236,15179,10994,10994,404000404,800,Yes
1502083901,15238,9794,9794,404000404,800,Yes
1509211912,14989,9423,9423,404000404,800,Yes
1505811678,20018,9441,9441,404000404,800,Yes
1512567063,15258,10519,10519,404000404,800,Yes
1523531495,15850,8923,8923,404000404,800,Yes
1522545259,16100,9027,9027,404000404,800,Yes
1534394976,16050,9368,9368,404000404,800,Yes
1518264471,20078,11475,11475,404000404,800,Yes
1507386445,19257,10717,10717,404000404,800,Yes
1517340354,15569,10342,10342,404000404,800,Yes
1513301492,14637,10675,10675,404000404,800,Yes
1500436047,16301,9468,9468,404000404,800,Yes
1541345157,16221,10255,10255,404000404,800,Yes
1503122553,15539,10718,10718,404000404,800,Yes
1609157743,15459,10101,10101,404000404,800,Yes
1504815770,16300,11776,11776,404000404,800,Yes
1523226343,15379,9427,9427,404000404,800,Yes
1517493875,15540,9839,9839,404000404,800,Yes
1570491123,15429,10657,10657,404000404,800,Yes
1501158473,14919,9406,9406,404000404,800,Yes
1501327996,16321,10076,10076,404000404,800,Yes
1507961100,15109,10160,10160,404000404,800,Yes
1501365769,15089,9719,9719,404000404,800,Yes
1511469221,15028,9155,9155,404000404,800,Yes
1515675382,15489,10191,10191,404000404,800,Yes
1505850260,16782,10246,10246,404000404,800,Yes
1510921448,15499,10592,10592,404000404,800,Yes
1549006073,15750,8912,8912,404000404,800,Yes
1510833745,15349,9315,9315,404000404,800,Yes
1512324127,15660,9369,9369,404000404,800,Yes
1505876796,15228,10730,10730,404000404,800,Yes
1516575766,15810,10874,10874,404000404,800,Yes
1512803036,15219,9709,9709,404000404,800,Yes
1509259341,15920,10307,10307,404000404,800,Yes
1504393313,14718,9637,9637,404000404,800,Yes
1511043500,16251,9770,9770,404000404,800,Yes
1528296702,15860,9592,9592,404000404,800,Yes
1507563717,15679,10238,10238,404000404,800,Yes
1530172865,16010,9587,9587,404000404,800,Yes
1513863822,16121,10213,10213,404000404,800,Yes
1514963334,15630,9676,9676,404000404,800,Yes
1510565532,14858,10061,10061,404000404,800,Yes
1528293113,15379,9894,9894,404000404,800,Yes
1509603744,15279,9385,9385,404000404,800,Yes
1517450895,15489,10723,10723,404000404,800,Yes
1510954964,15740,9693,9693,404000404,800,Yes
1522002203,16031,10063,10063,404000404,800,Yes
1523677825,16451,9111,9111,404000404,800,Yes
1527680721,15820,10798,10798,404000404,800,Yes
1519074195,15740,9167,9167,404000404,800,Yes
1513360772,15639,10330,10330,404000404,800,Yes
1503997113,15460,10152,10152,404000404,800,Yes
1506719316,15530,10363,10363,404000404,800,Yes
1516845341,15058,9870,9870,404000404,800,Yes
1522944584,15699,10747,10747,404000404,800,Yes
1506683661,15830,10304,10304,404000404,800,Yes
1517045463,15820,9645,9645,404000404,800,Yes
1505773230,15469,9909,9909,404000404,800,Yes
1504828674,16120,10767,10767,404000404,800,Yes
1559683840,16161,10178,10178,404000404,800,Yes
1547315093,17103,10843,10843,404000404,800,Yes
1513849069,15259,10944,10944,404000404,800,Yes
1514671356,16030,9291,9291,404000404,800,Yes
1507647655,15289,10662,10662,404000404,800,Yes
1515584797,16241,10071,10071,404000404,800,Yes
1554969494,15409,10143,10143,404000404,800,Yes
1508117127,15719,9687,9687,404000404,800,Yes
1504609650,15138,10426,10426,404000404,800,Yes
1504417618,16361,9497,9497,404000404,800,Yes
1530997461,16100,9933,9933,404000404,800,Yes
1521697252,15379,9097,9097,404000404,800,Yes
1522096919,15589,10214,10214,404000404,800,Yes
1507324814,15499,10323,10323,404000404,800,Yes
1515802409,15199,10267,10267,404000404,800,Yes
1523193908,15800,9488,9488,404000404,800,Yes
1514323312,15420,9371,9371,404000404,800,Yes
1517309744,15289,10571,10571,404000404,800,Yes
1507695280,15188,10682,10682,404000404,800,Yes
1514923811,15550,11037,11037,404000404,800,Yes
1506070467,15840,9276,9276,404000404,800,Yes
1515058758,16451,10347,10347,404000404,800,Yes
1517762647,15870,8982,8982,404000404,800,Yes
1504428663,15479,9955,9955,404000404,800,Yes
1504108658,16040,10182,10182,404000404,800,Yes
1518023152,15950,9919,9919,404000404,800,Yes
1511332963,15730,10978,10978,404000404,800,Yes
1524251221,15329,10870,10870,404000404,800,Yes
1505730362,15239,11258,11258,404000404,800,Yes
1506237302,15018,9859,9859,404000404,800,Yes
1504649469,15349,9973,9973,404000404,800,Yes
1538550548,15910,9807,9807,404000404,800,Yes
1522493621,15870,9737,9737,404000404,800,Yes
1506255040,16170,9118,9118,404000404,800,Yes
1508945882,15329,10063,10063,404000404,800,Yes
1527484629,14768,11086,11086,404000404,800,Yes
1543833060,15218,10231,10231,404000404,800,Yes
1504502957,15729,10363,10363,404000404,800,Yes
1504609330,15480,11248,11248,404000404,800,Yes
1507859592,15369,10035,10035,404000404,800,Yes
1507007981,22112,10305,10305,404000404,800,Yes
1520623160,15760,10574,10574,404000404,800,Yes
1514646078,16241,10261,10261,404000404,800,Yes
1502195787,15720,9649,9649,404000404,800,Yes
1507512950,16621,9766,9766,404000404,800,Yes
1508534645,15449,9195,9195,404000404,800,Yes
1508837640,15058,9596,9596,404000404,800,Yes
1512733885,15710,9458,9458,404000404,800,Yes
1524081010,15610,9298,9298,404000404,800,Yes
1510979697,15520,10665,10665,404000404,800,Yes
1518338745,17242,9209,9209,404000404,800,Yes
1510850003,14738,9930,9930,404000404,800,Yes
1525994376,15369,10032,10032,404000404,800,Yes
1517027226,16491,10776,10776,404000404,800,Yes
1499945108,15409,9730,9730,404000404,800,Yes
1505911560,15389,8922,8922,404000404,800,Yes
1519863216,15229,9619,9619,404000404,800,Yes
1504606021,15449,10844,10844,404000404,800,Yes
1518877923,16211,10182,10182,404000404,800,Yes
1504922802,15900,9686,9686,404000404,800,Yes
1520781297,15589,10480,10480,404000404,800,Yes
1508256674,16190,9659,9659,404000404,800,Yes
1587433822,17142,10702,10702,404000404,800,Yes
1505416290,15850,10254,10254,404000404,800,Yes
1523270442,16341,10104,10104,404000404,800,Yes
1508408515,15960,10510,10510,404000404,800,Yes
1518457082,15409,10055,10055,404000404,800,Yes
1539710880,15570,10988,10988,404000404,800,Yes
1505586457,15510,9408,9408,404000404,800,Yes
1502322572,15499,9483,9483,404000404,800,Yes
1517268097,17203,11053,11053,404000404,800,Yes
1508621093,15900,10239,10239,404000404,800,Yes
1509713702,16191,9830,9830,404000404,800,Yes
1514995629,15870,9773,9773,404000404,800,Yes
1515301319,16752,10507,10507,404000404,800,Yes
1558229393,15559,10437,10437,404000404,800,Yes
1521586996,15680,9770,9770,404000404,800,Yes
1514120496,15930,10637,10637,404000404,800,Yes
1515045498,15820,11018,11018,404000404,800,Yes
1499487674,15620,10355,10355,404000404,800,Yes
1503569561,16391,9606,9606,404000404,800,Yes
1514169692,16241,10116,10116,404000404,800,Yes
1499661376,16071,9994,9994,404000404,800,Yes
1509559500,15139,10330,10330,404000404,800,Yes
1507138068,15590,9405,9405,404000404,800,Yes
1508593232,15880,10146,10146,404000404,800,Yes
1498014512,16030,10024,10024,404000404,800,Yes
1498427435,15980,9856,9856,404000404,800,Yes
1506411095,15870,10271,10271,404000404,800,Yes
1501939543,15179,10692,10692,404000404,800,Yes
1500598145,15810,10056,10056,404000404,800,Yes
1500440868,15489,9386,9386,404000404,800,Yes
1551602296,15419,10187,10187,404000404,800,Yes
1509180862,15189,10518,10518,404000404,800,Yes
1542701071,17363,9665,9665,404000404,800,Yes
1504850448,15820,9555,9555,404000404,800,Yes
1504608411,15119,10549,10549,404000404,800,Yes
1521957525,15519,10165,10165,404000404,800,Yes
1503187392,16751,9929,9929,404000404,800,Yes
1510678000,15569,10558,10558,404000404,800,Yes
1503360401,15699,10678,10678,404000404,800,Yes
1500034197,16962,9992,9992,404000404,800,Yes
1513262494,15891,9800,9800,404000404,800,Yes
1526606197,15219,10175,10175,404000404,800,Yes
1521124637,14548,9822,9822,404000404,800,Yes
1512324584,17242,10586,10586,404000404,800,Yes
1536435664,15860,9738,9738,404000404,800,Yes
1515836219,15700,10205,10205,404000404,800,Yes
1519826520,15800,10323,10323,404000404,800,Yes
1513762535,16371,10362,10362,404000404,800,Yes
1504560230,15509,10219,10219,404000404,800,Yes
1501742909,15209,10479,10479,404000404,800,Yes
1507081824,16151,9169,9169,404000404,800,Yes
1504882582,16100,10041,10041,404000404,800,Yes
1500212936,15700,9890,9890,404000404,800,Yes
1507711458,15910,9971,9971,404000404,800,Yes
1518344513,15209,9386,9386,404000404,800,Yes
1508486576,15950,9409,9409,404000404,800,Yes
1499568299,15930,10019,10019,404000404,800,Yes
1524682210,15409,9856,9856,404000404,800,Yes
1518164454,15710,9893,9893,404000404,800,Yes
1500823426,15529,10260,10260,404000404,800,Yes
1518552721,15920,11146,11146,404000404,800,Yes
1515377874,16161,9548,9548,404000404,800,Yes
1513812622,15299,10157,10157,404000404,800,Yes
1515461874,15950,10470,10470,404000404,800,Yes
1510681177,15079,11078,11078,404000404,800,Yes
1518896606,16051,9955,9955,404000404,800,Yes
1515374722,15449,9789,9789,404000404,800,Yes
1513918125,14949,9867,9867,404000404,800,Yes
1516993035,15209,9929,9929,404000404,800,Yes
1501748084,15429,10422,10422,404000404,800,Yes
1506241439,15099,8971,8971,404000404,800,Yes
1520511697,16030,9957,9957,404000404,800,Yes
1503503288,14657,9662,9662,404000404,800,Yes
1507516063,14818,10078,10078,404000404,800,Yes
1540405060,14918,11145,11145,404000404,800,Yes
1507346664,14768,10179,10179,404000404,800,Yes
1500461915,15058,11468,11468,404000404,800,Yes
1507806536,15389,10152,10152,404000404,800,Yes
1502796575,15690,8759,8759,404000404,800,Yes
1509437426,15660,9972,9972,404000404,800,Yes
1500956445,14688,9719,9719,404000404,800,Yes
1506895073,15349,9787,9787,404000404,800,Yes
1529678425,15530,9722,9722,404000404,800,Yes
1518135278,15870,10568,10568,404000404,800,Yes
1500153517,15409,9550,9550,404000404,800,Yes
1519490052,15740,9746,9746,404000404,800,Yes
1511973629,15749,10144,10144,404000404,800,Yes
1505714152,15339,10510,10510,404000404,800,Yes
1501024838,15419,10006,10006,404000404,800,Yes
1507670336,15439,9199,9199,404000404,800,Yes
1535076857,15690,10507,10507,404000404,800,Yes
1523161798,16822,10320,10320,404000404,800,Yes
1535471755,16902,10756,10756,404000404,800,Yes
1542235768,15419,10276,10276,404000404,800,Yes
1508750014,15760,9771,9771,404000404,800,Yes
1530418124,16320,10390,10390,404000404,800,Yes
1503367788,15880,9805,9805,404000404,800,Yes
1507031803,15149,10055,10055,404000404,800,Yes
1506503094,15369,9544,9544,404000404,800,Yes
1510154124,15429,8886,8886,404000404,800,Yes
1507613407,15319,9996,9996,404000404,800,Yes
1507446952,14828,9959,9959,404000404,800,Yes
1517282658,14908,9803,9803,404000404,800,Yes
1506486526,15500,9936,9936,404000404,800,Yes